T:AiDotNet.AutoML.AutoMLEnsembleModel`1	1	ensemble	new AutoMLEnsembleModel<double>( models, PredictionType.Regression)	double, global::AiDotNet.Tensors.LinearAlgebra.Matrix<double>, global::AiDotNet.Tensors.LinearAlgebra.Vector<double>	<synthesise>
T:AiDotNet.CausalInference.CausalForest`1	1	forest	new CausalForest<double>(numTrees: 100, maxDepth: 10)	double, global::AiDotNet.Tensors.LinearAlgebra.Matrix<double>, global::AiDotNet.Tensors.LinearAlgebra.Vector<double>	features | treatment | outcome
T:AiDotNet.CausalInference.DoublyRobustEstimator`1	1	dr	new DoublyRobustEstimator<double>(trimMin: 0.01, trimMax: 0.99)	double, global::AiDotNet.Tensors.LinearAlgebra.Matrix<double>, global::AiDotNet.Tensors.LinearAlgebra.Vector<double>	features | treatment | outcome
T:AiDotNet.CausalInference.InverseProbabilityWeighting`1	1	ipw	new InverseProbabilityWeighting<double>(trimMin: 0.01, trimMax: 0.99)	double, global::AiDotNet.Tensors.LinearAlgebra.Matrix<double>, global::AiDotNet.Tensors.LinearAlgebra.Vector<double>	features | treatment
T:AiDotNet.CausalInference.PropensityScoreMatching`1	1	psm	new PropensityScoreMatching<double>(caliper: 0.2, matchRatio: 1)	double, global::AiDotNet.Tensors.LinearAlgebra.Matrix<double>, global::AiDotNet.Tensors.LinearAlgebra.Vector<double>	features | treatment
T:AiDotNet.CausalInference.SLearner`1	1	sLearner	new SLearner<double>(maxIterations: 100, learningRate: 0.1)	double, global::AiDotNet.Tensors.LinearAlgebra.Matrix<double>, global::AiDotNet.Tensors.LinearAlgebra.Vector<double>	features | treatment | outcome
T:AiDotNet.CausalInference.TLearner`1	1	tLearner	new TLearner<double>(maxIterations: 100, learningRate: 0.1)	double, global::AiDotNet.Tensors.LinearAlgebra.Matrix<double>, global::AiDotNet.Tensors.LinearAlgebra.Vector<double>	features | treatment | outcome
T:AiDotNet.CausalInference.XLearner`1	1	xLearner	new XLearner<double>(maxIterations: 100, learningRate: 0.1)	double, global::AiDotNet.Tensors.LinearAlgebra.Matrix<double>, global::AiDotNet.Tensors.LinearAlgebra.Vector<double>	features | treatment | outcome
T:AiDotNet.Clustering.Spectral.SpectralClustering`1	1	spectralClustering	new SpectralClustering<double>(options)	double, global::AiDotNet.Tensors.LinearAlgebra.Matrix<double>, global::AiDotNet.Tensors.LinearAlgebra.Vector<double>	dataMatrix
T:AiDotNet.ComputerVision.Segmentation.PointCloud.Concerto`1	1	concerto	new Concerto<float>(architecture, numClasses: 40, modelSize: ConcertoModelSize.Base, dropRate: 0.1)	float, global::AiDotNet.Tensors.LinearAlgebra.Tensor<float>, global::AiDotNet.Tensors.LinearAlgebra.Tensor<float>	<synthesise>
T:AiDotNet.ComputerVision.Segmentation.PointCloud.PointTransformerV3`1	1	ptv3	new PointTransformerV3<float>(architecture, numClasses: 40, modelSize: PointTransformerV3ModelSize.Base)	float, global::AiDotNet.Tensors.LinearAlgebra.Tensor<float>, global::AiDotNet.Tensors.LinearAlgebra.Tensor<float>	<synthesise>
T:AiDotNet.ComputerVision.Segmentation.PointCloud.Sonata`1	1	sonata	new Sonata<float>(architecture, numClasses: 40, modelSize: SonataModelSize.Base)	float, global::AiDotNet.Tensors.LinearAlgebra.Tensor<float>, global::AiDotNet.Tensors.LinearAlgebra.Tensor<float>	<synthesise>
T:AiDotNet.Diffusion.TextToImage.LuminaT2XModel`1	1	model	new LuminaT2XModel<float>(options: options)	float, global::AiDotNet.Tensors.LinearAlgebra.Tensor<float>, global::AiDotNet.Tensors.LinearAlgebra.Tensor<float>	<synthesise>
T:AiDotNet.Diffusion.Video.LuminaT2XModel`1	1	model	new LuminaT2XModel<float>(options: options)	float, global::AiDotNet.Tensors.LinearAlgebra.Tensor<float>, global::AiDotNet.Tensors.LinearAlgebra.Tensor<float>	<synthesise>
T:AiDotNet.Genetics.ModelIndividual`4	1	individual	new ModelIndividual<double, Matrix<double>, Vector<double>, RealGene>(genes, factory)	double, global::AiDotNet.Tensors.LinearAlgebra.Matrix<double>, global::AiDotNet.Tensors.LinearAlgebra.Vector<double>	<synthesise>
T:AiDotNet.Interfaces.IMetaLearner`3	1	metaLearner	new MAMLAlgorithm<double, Tensor<double>, Tensor<double>>(options)	double, global::AiDotNet.Tensors.LinearAlgebra.Tensor<double>, global::AiDotNet.Tensors.LinearAlgebra.Tensor<double>	
T:AiDotNet.MetaLearning.Algorithms.AdaptedMetaModel`3	1	adapted	new AdaptedMetaModel<float, Tensor<float>, Tensor<float>>( baseModel, adaptedParams)	float, global::AiDotNet.Tensors.LinearAlgebra.Tensor<float>, global::AiDotNet.Tensors.LinearAlgebra.Tensor<float>	<synthesise>
T:AiDotNet.MetaLearning.Algorithms.NeuralProcessModel`3	1	npModel	new NeuralProcessModel<float, Matrix<float>, Vector<float>>( baseModel, parameters, aggregatedRepresentation)	float, global::AiDotNet.Tensors.LinearAlgebra.Matrix<float>, global::AiDotNet.Tensors.LinearAlgebra.Vector<float>	<synthesise>
T:AiDotNet.MixedPrecision.MixedPrecisionScope	1	network	new NeuralNetwork<double>( new NeuralNetworkArchitecture<double>(inputFeatures: 4, outputSize: 2))	double, global::AiDotNet.Tensors.LinearAlgebra.Tensor<double>, global::AiDotNet.Tensors.LinearAlgebra.Tensor<double>	<synthesise>
T:AiDotNet.Models.Options.MedGANOptions`1	1	medgan	new MedGANGenerator<double>(architecture, options)	double, global::AiDotNet.Tensors.LinearAlgebra.Tensor<double>, global::AiDotNet.Tensors.LinearAlgebra.Tensor<double>	data | columns | epochs: 1000
T:AiDotNet.Models.VectorModel`1	1	model	new VectorModel<double>(coefficients)	double, global::AiDotNet.Tensors.LinearAlgebra.Matrix<double>, global::AiDotNet.Tensors.LinearAlgebra.Vector<double>	<synthesise>
T:AiDotNet.NeuralNetworks.AudioVisualCorrespondenceNetwork`1	1	model	new AudioVisualCorrespondenceNetwork<float>(architecture)	float, global::AiDotNet.Tensors.LinearAlgebra.Tensor<float>, global::AiDotNet.Tensors.LinearAlgebra.Tensor<float>	<synthesise>
T:AiDotNet.NeuralNetworks.AudioVisualEventLocalizationNetwork`1	1	model	new AudioVisualEventLocalizationNetwork<float>(architecture)	float, global::AiDotNet.Tensors.LinearAlgebra.Tensor<float>, global::AiDotNet.Tensors.LinearAlgebra.Tensor<float>	<synthesise>
T:AiDotNet.NeuralNetworks.GraphGenerationModel`1	1	model	new GraphGenerationModel<float>( inputFeatures: 9, hiddenDim: 128, maxNodes: 50, learningRate: 0.005)	float, global::AiDotNet.Tensors.LinearAlgebra.Tensor<float>, global::AiDotNet.Tensors.LinearAlgebra.Tensor<float>	<synthesise>
T:AiDotNet.NeuralNetworks.SelfOrganizingMap`1	1	model	new SelfOrganizingMap<float>(arch)	float, global::AiDotNet.Tensors.LinearAlgebra.Tensor<float>, global::AiDotNet.Tensors.LinearAlgebra.Tensor<float>	<synthesise>
T:AiDotNet.NeuralNetworks.SuperNet`1	1	superNet	new SuperNet<float>(searchSpace, numNodes: 4)	float, global::AiDotNet.Tensors.LinearAlgebra.Tensor<float>, global::AiDotNet.Tensors.LinearAlgebra.Tensor<float>	<synthesise>
T:AiDotNet.NeuralNetworks.SyntheticData.MedGANGenerator`1	1	medgan	new MedGANGenerator<double>(architecture)	double, global::AiDotNet.Tensors.LinearAlgebra.Tensor<double>, global::AiDotNet.Tensors.LinearAlgebra.Tensor<double>	data | columns | epochs: 1000
T:AiDotNet.PhysicsInformed.NeuralOperators.FourierNeuralOperator`1	1	fno	new FourierNeuralOperator<float>()	float, global::AiDotNet.Tensors.LinearAlgebra.Tensor<float>, global::AiDotNet.Tensors.LinearAlgebra.Tensor<float>	inputFunctions | outputFunctions | epochs: 100
T:AiDotNet.TimeSeries.ARIMAModel`1	1	arima	new ARIMAModel<double>(options)	double, global::AiDotNet.Tensors.LinearAlgebra.Matrix<double>, global::AiDotNet.Tensors.LinearAlgebra.Vector<double>	trainingMatrix | trainingLabels
T:AiDotNet.TimeSeries.BayesianStructuralTimeSeriesModel`1	1	bsts	new BayesianStructuralTimeSeriesModel<double>(options)	double, global::AiDotNet.Tensors.LinearAlgebra.Matrix<double>, global::AiDotNet.Tensors.LinearAlgebra.Vector<double>	trainingMatrix | trainingLabels
T:AiDotNet.TimeSeries.SpectralAnalysisModel`1	1	spectral	new SpectralAnalysisModel<double>(options)	double, global::AiDotNet.Tensors.LinearAlgebra.Matrix<double>, global::AiDotNet.Tensors.LinearAlgebra.Vector<double>	signalMatrix | signalVector
T:AiDotNet.TimeSeries.STLDecomposition`1	1	stl	new STLDecomposition<double>(options)	double, global::AiDotNet.Tensors.LinearAlgebra.Matrix<double>, global::AiDotNet.Tensors.LinearAlgebra.Vector<double>	trainingMatrix | trainingLabels
T:AiDotNet.TimeSeries.UnobservedComponentsModel`3	1	ucm	new UnobservedComponentsModel<double, Matrix<double>, Vector<double>>(options)	double, global::AiDotNet.Tensors.LinearAlgebra.Matrix<double>, global::AiDotNet.Tensors.LinearAlgebra.Vector<double>	trainingMatrix | trainingLabels
T:AiDotNet.TransferLearning.Algorithms.MappedRandomForestModel`1	1	mappedModel	new MappedRandomForestModel<double>(baseModel, mapper, targetFeatures: 5)	double, global::AiDotNet.Tensors.LinearAlgebra.Matrix<double>, global::AiDotNet.Tensors.LinearAlgebra.Vector<double>	<synthesise>
